id,login,BordaCount,12MonthActivityNum,Authority,FollowersNum,ForkedHindex,WatcherHindex,usrPageRankScore
10,"mcollina",525,670,1026,558,25,31,710
27,"jimweirich",317,1080,510,342,25,42,227
31,"cocos2d",679,1078,478,849,16,41,1107
58,"hcilab",880,1060,489,768,32,59,1822
78,"samuelclay",613,1046,921,557,29,54,732
129,"tenderlove",59,1003,71,69,23,34,52
189,"hmason",284,1080,500,213,26,52,231
216,"fredwu",899,1048,1257,664,26,46,1279
303,"Marak",215,1017,397,278,23,41,122
412,"sjl",294,994,391,325,21,39,348
418,"ask",852,1068,1824,726,32,59,456
465,"andrew",151,28,681,484,26,45,340
651,"passy",471,889,482,440,24,40,947
796,"kennethreitz",19,1003,23,16,12,17,14
858,"willdurand",728,945,1296,629,20,39,839
859,"stof",520,741,1125,449,29,55,616
872,"pcwalton",943,810,1803,1050,28,49,714
877,"fnando",502,1035,826,417,19,36,614
896,"JakeWharton",3,421,4,2,10,8,2
963,"bnoordhuis",242,844,327,380,26,46,363
974,"piscisaureus",686,1074,894,831,30,56,722
979,"IgorMinar",250,931,392,260,25,50,357
986,"vojtajina",595,1075,792,511,23,42,837
988,"mhevery",177,927,223,172,27,50,304
995,"isaacs",35,994,40,54,19,26,42
1001,"philips",704,686,1506,776,27,50,623
1019,"madrobby",181,1078,269,191,21,43,109
1039,"nimbupani",438,1080,730,508,29,57,286
1063,"ryanb",69,1080,82,43,19,41,30
1199,"substack",12,883,16,22,6,2,18
1445,"dariusk",915,1067,1339,860,25,42,1042
1556,"vmg",423,1045,688,535,27,51,303
1561,"brianmario",839,1063,1736,922,27,51,327
1563,"technoweenie",126,890,299,190,22,41,56
1564,"rtomayko",185,1080,325,220,22,46,49
1565,"josh",165,913,320,254,25,44,96
1567,"sr",975,1061,2027,1006,28,52,391
1569,"tekkub",137,1074,242,59,28,55,82
1570,"defunkt",28,1079,14,7,16,30,8
1586,"weierophinney",200,644,608,259,28,49,232
1628,"Ocramius",355,927,635,295,24,39,464
1630,"CakeDC",599,1064,568,732,20,42,873
1651,"nelstrom",776,1071,1602,618,24,48,547
1654,"davidflanagan",999,1048,1169,1118,30,55,1215
1700,"tavisrudd",983,1076,2232,704,30,54,501
1706,"borismus",641,1070,991,702,20,39,606
1736,"douglascrockford",34,1077,7,9,22,46,11
1740,"mperham",374,929,653,430,25,44,401
1779,"paulirish",4,437,6,5,21,31,6
1784,"malsup",697,1080,1357,659,25,52,460
1831,"dominictarr",101,752,175,291,18,17,161
1880,"shiffman",179,844,400,171,21,39,235
1900,"guille",163,1071,110,267,32,59,110
1934,"mislav",188,1011,317,227,22,42,155
1954,"visionmedia",25,1080,5,20,20,4,12
1981,"graydon",566,1010,1167,554,29,53,354
2074,"BrendanEich",203,1069,145,286,31,57,247
2075,"andreasgal",1000,1055,1995,1117,27,50,395
2077,"dherman",384,999,411,588,28,50,461
2084,"marijnh",160,1014,158,246,26,45,150
2092,"KentBeck",655,1079,1319,487,31,58,493
2094,"amatsuda",320,989,565,306,22,38,324
2122,"sstephenson",133,1069,159,137,22,35,99
2163,"hakimel",63,1078,47,46,16,41,45
2169,"sgolemon",864,1043,1366,813,30,52,885
2223,"sebastianbergmann",124,1010,233,116,16,35,78
2258,"0xced",681,972,990,716,25,45,824
2259,"darwin",979,1032,1772,880,29,52,814
2262,"akitaonrails",312,1007,529,237,27,49,359
2404,"mcxiaoke",397,1051,206,212,24,44,1044
2425,"robb",600,1076,722,518,26,46,913
2427,"mattt",31,1078,24,14,15,20,13
2441,"lexrus",267,1037,300,176,21,38,485
2455,"tangqiaoboy",159,1077,127,87,24,48,262
2532,"mrdoob",44,1041,41,29,23,41,23
2551,"benjamn",661,964,988,706,28,51,753
2556,"topfunky",409,1076,858,481,25,49,123
2723,"rkh",262,1070,324,290,29,52,282
2745,"sdiehl",651,1044,869,581,26,41,895
2808,"hij1nx",458,1080,836,575,32,38,198
2823,"igrigorik",49,926,98,85,17,31,57
2841,"munificent",414,969,698,438,25,46,457
2973,"evanw",268,1047,422,350,23,37,178
3069,"SlexAxton",224,1071,261,269,26,51,221
3080,"creationix",50,954,76,101,16,27,40
3142,"charliesome",100,1045,148,68,26,44,77
3252,"leizongmin",842,1022,1098,568,26,45,1373
3339,"be5invis",611,921,871,661,31,54,792
3344,"jbarnette",659,1073,1444,784,28,52,95
3569,"mitsuhiko",11,786,42,37,14,20,46
3662,"mixu",343,1072,427,396,23,41,386
3678,"lotem",766,1036,1126,603,30,56,1043
3730,"derickbailey",593,1050,1029,472,23,41,658
3741,"kevinsawicki",14,586,141,120,24,46,113
3750,"tbranyen",514,937,1032,600,25,45,358
3789,"agentzh",84,1040,77,71,27,45,72
3808,"ekmett",237,1053,347,332,19,34,180
3816,"daneden",157,1044,150,118,26,49,233
3871,"sindresorhus",1,296,9,8,2,1,19
3892,"wycats",38,1039,33,36,20,37,20
3919,"simurai",443,851,786,620,28,48,367
3937,"tomdale",297,975,280,381,28,49,427
4009,"wbond",449,1044,612,329,23,44,663
4042,"kr",614,1031,961,737,24,39,549
4073,"sahat",236,1020,279,168,25,45,420
4096,"btford",161,1051,207,136,17,32,200
4140,"atmos",382,986,765,544,25,45,158
4278,"SteveSanderson",503,1079,711,520,25,47,572
4292,"omz",682,1059,831,717,28,55,889
4328,"maccman",122,1069,156,108,15,24,108
4341,"ginatrapani",282,1067,485,201,28,52,257
4509,"ddollar",644,706,1157,739,19,39,779
4532,"cheeaun",755,1026,1465,715,24,41,587
4541,"jiyinyiyong",674,984,705,460,29,54,1307
4561,"pivotal",657,1068,551,1053,18,40,738
4567,"jamesgolick",911,1080,1928,908,26,47,369
4578,"ded",166,1078,144,243,20,42,134
4594,"android",79,1080,64,106,3,29,37
4597,"sebmarkbage",285,934,556,445,28,53,89
4764,"nzakas",37,858,89,82,25,46,80
4786,"swannodette",147,1076,198,153,21,37,102
4796,"chrisdickinson",779,1047,1149,799,26,40,857
4828,"fabpot",13,767,79,49,27,48,38
4896,"radar",394,1004,638,378,21,44,479
4907,"codahale",369,1037,717,393,26,40,234
5009,"jrburke",291,1042,333,266,25,46,397
5019,"binux",478,1068,382,340,24,47,982
5070,"nicolasgramlich",603,1006,861,489,16,45,893
5091,"cowboy",106,906,193,150,16,33,128
5094,"cloudwu",43,1028,21,35,26,43,41
5101,"fat",65,1070,39,47,26,48,47
5203,"torvalds",29,1072,1,1,30,56,1
5212,"gregkh",510,1059,910,337,26,48,596
5260,"antirez",62,1069,54,53,18,29,35
5274,"michaelklishin",643,759,975,678,20,40,959
5305,"mathiasbynens",17,699,112,99,21,26,93
5308,"raspberrypi",192,1063,171,311,22,43,168
5441,"kelseyhightower",289,1005,312,339,20,22,409
5474,"robbiehanson",295,1071,161,279,27,54,529
5505,"xNotch",457,1080,495,669,31,60,421
5556,"gavinandresen",521,1068,604,572,29,53,689
5737,"davidfowl",287,757,548,321,26,41,413
5800,"bfirsh",670,893,1047,706,25,45,806
5823,"tpope",42,1079,45,34,13,7,15
5827,"rmurphey",232,1073,346,244,25,49,187
5993,"MatthewMueller",570,806,896,702,25,37,716
5995,"drnic",231,963,460,320,21,46,111
6038,"huangz1990",278,1076,128,219,24,42,595
6049,"stubbornella",288,1071,484,283,28,56,184
6084,"guybedford",891,884,1031,931,28,49,1354
6116,"purcell",468,818,1035,432,24,40,472
6189,"chriseppstein",435,1021,749,451,31,58,374
6221,"timoxley",618,989,998,700,26,41,607
6240,"addyosmani",10,887,3,4,16,9,9
6246,"matthewmccullough",629,1058,1261,576,28,52,415
6258,"necolas",67,984,90,73,21,37,86
6288,"ianstormtaylor",373,830,281,671,27,41,630
6290,"mranney",850,1067,1134,1028,29,54,847
6321,"octocat",331,1076,440,315,27,55,366
6324,"brendangregg",360,947,541,517,27,46,333
6378,"orta",94,134,437,362,22,31,402
6396,"tjfontaine",973,1075,952,822,26,47,1634
6398,"akrabat",848,952,1464,571,26,48,1092
6400,"TooTallNate",202,1000,341,241,18,24,205
6483,"zenorocha",111,943,130,90,21,36,220
6535,"jaredhanson",547,1024,810,444,12,28,770
6569,"jezdez",299,938,646,322,30,42,174
6599,"kriskowal",337,785,651,454,25,48,361
6602,"jacobian",204,1021,357,236,29,52,140
6635,"adrianholovaty",995,1073,1324,659,30,57,1481
6689,"mateiz",665,1077,807,825,31,58,706
6764,"bobthecow",960,919,1962,844,32,59,678
6787,"jckarter",768,881,1041,939,29,53,952
6991,"codeguy",450,1044,571,272,31,58,740
6993,"jordansissel",466,908,745,522,20,41,581
7020,"philsturgeon",184,1044,350,127,21,44,137
7059,"steipete",139,1065,187,138,20,38,107
7122,"spicyj",433,897,619,467,28,55,617
7124,"mikeash",153,1075,119,177,26,38,175
7125,"jashkenas",51,1079,19,21,24,48,24
7165,"mxcl",154,1006,166,134,26,46,240
7182,"alex",24,604,170,135,28,50,152
7261,"cvrebert",796,579,1009,573,30,54,1742
7264,"jedisct1",737,961,1208,770,22,36,802
7326,"coleifer",937,1062,1355,680,21,38,1275
7488,"honcheng",775,1076,611,621,20,47,1534
7504,"technomancy",283,994,522,360,20,33,169
7544,"magnars",598,1062,849,696,23,40,620
7547,"nakajima",761,1071,1576,847,25,49,311
7627,"mmcgrana",794,1079,1619,805,24,48,398
7987,"schneems",616,890,774,508,18,39,1119
8042,"zeke",873,396,1397,883,26,41,1468
8066,"dblock",828,492,1162,917,20,33,1471
8150,"josevalim",18,802,78,63,27,49,59
8153,"rafaelfranca",671,1018,713,442,30,55,1264
8179,"dhh",52,1043,28,25,32,58,31
8209,"Raynos",354,975,514,453,23,32,383
8221,"cyrilmottier",164,1080,147,126,27,54,215
8237,"koush",82,1038,80,67,18,38,87
8267,"mikeal",104,865,210,159,24,34,126
8293,"spf13",205,1074,220,170,19,39,313
8320,"michaelliao",39,1062,26,28,21,45,3
8339,"alanhamlett",346,972,994,178,31,56,116
8363,"dcramer",173,552,435,319,32,57,299
8459,"alloy",612,647,1248,748,29,52,608
8579,"echen",636,1077,922,578,25,46,761
8592,"nathanmarz",170,1044,235,160,20,45,179
8736,"bartaz",480,973,516,484,32,60,788
8823,"vim-scripts",105,1080,120,100,15,18,88
8897,"Cocoanetics",413,1078,322,660,30,53,488
8902,"caolan",302,1057,403,316,24,46,307
8913,"scrooloose",567,1065,1291,548,27,53,185
8925,"janl",351,1029,579,429,26,51,252
8931,"sferik",212,1023,290,214,24,49,249
8978,"ornicar",790,786,1549,622,21,44,943
8984,"tonymorris",554,976,648,458,28,51,963
9014,"jlongster",400,849,596,487,23,30,599
9097,"jackmoore",513,1011,863,358,28,54,673
9236,"mojombo",27,1076,11,6,16,35,5
9273,"tmm1",191,1021,352,263,20,45,75
9308,"soffes",98,990,172,110,16,16,101
9326,"juliangruber",492,659,806,693,25,26,681
9354,"moxie0",176,1063,164,205,25,52,191
9452,"JeffreyWay",64,1053,59,40,25,42,54
9566,"markjaquith",518,1066,630,566,23,43,675
9577,"audreyt",233,1046,416,281,30,56,121
9714,"millermedeiros",662,1055,1069,605,23,41,698
9777,"LeaVerou",30,1014,30,32,16,36,34
9779,"domenic",8,168,199,216,23,38,139
9883,"lifesinger",68,1080,29,33,31,60,61
9886,"balupton",829,842,1160,629,31,57,1383
9888,"lepture",109,1056,97,92,20,28,142
9930,"3rd-Eden",804,1058,1207,827,27,45,851
10005,"schacon",47,1080,38,17,17,40,21
10043,"markstory",770,584,1992,591,27,48,655
10044,"indexzero",254,1045,426,323,22,43,166
10058,"shama",540,1018,696,552,24,35,730
10150,"afollestad",403,1013,526,280,25,40,705
10162,"dfm",812,999,689,922,24,46,1351
10227,"feross",5,263,96,80,18,11,112
10321,"blueimp",167,1038,196,143,23,47,225
10488,"maxogden",45,955,88,86,12,5,55
10548,"zpao",376,883,561,432,29,53,530
10633,"photonstorm",756,1069,856,567,25,46,1304
10674,"voodootikigod",816,1073,1659,893,26,50,365
10689,"ariya",258,855,340,289,26,45,487
10738,"brianleroux",418,1070,795,544,26,48,156
10788,"nex3",952,620,1740,825,25,51,1218
10875,"ofZach",807,1021,1593,805,26,48,531
10942,"tarcieri",634,818,1274,727,29,48,500
11032,"scottgonzalez",652,936,1188,779,25,48,480
11037,"jzaefferer",507,1002,940,606,23,48,349
11213,"nicklockwood",90,1046,60,104,7,10,127
11527,"ofTheo",938,1054,1782,832,25,51,687
11626,"DmitryBaranovskiy",238,1080,356,235,27,53,216
11703,"loopj",256,1047,231,156,25,47,534
11718,"carllerche",785,916,1484,858,23,46,622
11726,"mattetti",675,1009,1311,709,24,44,450
11795,"chrisdone",719,984,1364,713,21,34,593
11855,"adamwiggins",901,1064,1926,898,25,49,364
11879,"afabbro",499,1078,256,581,32,59,915
11917,"kneath",446,1080,932,525,28,52,85
11961,"fengmk2",80,682,184,117,26,51,259
11978,"michaelficarra",857,911,1356,899,28,51,927
12035,"rsms",213,1065,316,251,22,39,157
12189,"qiangxue",460,1070,941,283,32,57,393
12191,"samdark",632,927,1511,394,23,41,499
12321,"migueldeicaza",389,1001,916,352,28,53,197
12359,"laruence",76,1077,56,50,21,41,71
12366,"subtleGradient",934,1072,1884,919,27,49,471
12414,"gskinner",408,1076,521,485,28,53,441
12417,"joshaber",310,952,539,400,26,48,241
12451,"Dinnerbone",411,1064,487,516,30,55,467
12826,"dodola",439,1033,362,226,23,40,1010
13009,"mbostock",7,650,13,10,23,37,16
13063,"rogerwang",269,1056,189,250,28,56,478
13094,"csnover",653,1043,878,1055,32,60,388
13134,"headius",608,909,1227,670,26,45,444
13172,"jasondavies",454,1080,815,415,26,51,347
13208,"levey",786,1066,968,612,27,52,1227
13256,"pjhyett",81,1080,95,30,29,56,29
13304,"cyanogen",225,1067,493,152,32,59,97
13384,"nvie",385,1050,528,369,21,42,528
13395,"ry",71,1069,69,61,29,54,25
13431,"chovy",562,915,872,421,29,50,874
13511,"huacnlee",210,904,173,157,21,40,552
13524,"ForbesLindesay",526,885,684,761,22,36,632
13667,"bdarnell",536,646,838,709,27,51,778
13688,"brentvatne",475,898,1042,437,24,39,396
13839,"igorw",537,1080,920,483,23,38,507
14107,"rentzsch",487,1062,881,593,23,43,280
14113,"svenfuchs",886,984,1757,871,25,47,582
14248,"rpetrich",584,1080,1191,392,22,42,503
14294,"joshlong",548,988,1352,266,21,42,422
14424,"pengwynn",440,1070,744,548,24,49,263
14533,"mattgemmell",304,1070,381,343,25,48,295
14613,"probablycorey",962,1037,1875,1002,28,55,509
14649,"killme2008",897,1037,1328,599,23,43,1284
14675,"leereilly",955,1023,1597,881,26,48,907
14765,"zcbenz",107,887,135,139,27,51,188
14955,"jakearchibald",155,887,201,230,23,38,239
15030,"davglass",710,1029,1561,722,25,43,305
15119,"robbyrussell",412,1073,562,301,29,54,610
15160,"kripken",194,650,254,356,21,38,463
15262,"ebidel",60,684,165,123,23,46,214
15341,"ibdknox",145,1038,257,193,24,43,22
15376,"mariotaku",777,926,286,517,27,49,2105
15434,"jwiegley",808,1042,1389,718,23,40,813
15462,"bos",358,1074,664,410,20,40,195
15710,"StylingAndroid",604,1066,294,708,26,46,1171
15740,"fitzgen",992,677,2108,985,27,48,772
15859,"springmeyer",715,483,1634,736,26,45,773
16042,"progrium",140,1039,216,149,20,22,119
16110,"holman",87,1061,85,75,23,42,51
16223,"flyerhzm",856,1076,1210,667,23,43,1151
16462,"chriscoyier",95,1055,103,70,26,47,92
16480,"qrush",741,1057,1249,786,26,48,641
16484,"jeremy",591,1009,989,617,30,56,556
16491,"DamianEdwards",597,988,691,492,27,49,1035
16507,"Haacked",264,990,475,218,23,45,302
16514,"MugunthKumar",601,1074,763,463,23,44,939
16518,"paullewis",239,911,267,390,27,51,321
16528,"ayende",348,1029,606,365,23,44,288
17010,"paulp",967,830,2175,771,29,54,674
17034,"begriffs",871,826,789,949,24,44,1575
17067,"jboner",860,1072,1625,710,30,53,686
17100,"richhickey",138,1080,192,140,28,53,58
17112,"rs",563,1058,557,389,22,39,1096
17115,"atebits",522,1079,1108,575,29,54,171
17141,"steveklabnik",15,559,146,132,22,36,138
17400,"samyk",327,1042,655,207,23,41,300
17413,"chjj",395,1039,525,474,31,56,440
17715,"felixge",152,1053,209,181,18,30,114
17717,"getify",73,1032,58,64,24,41,94
17746,"weavejester",746,1037,1478,697,16,26,566
17759,"mattn",74,614,234,162,17,14,273
17760,"c9s",459,846,755,427,25,38,671
17781,"pkrumins",221,1080,374,208,21,37,173
17840,"lzyy",902,1068,967,515,26,47,1706
17857,"dshaw",803,1072,1406,805,29,49,653
17928,"cpojer",853,720,2011,849,26,51,508
18128,"cubiq",615,1071,453,753,31,58,976
18188,"HenrikJoreteg",569,1065,828,534,20,31,695
18263,"joewalnes",801,1052,1463,737,24,43,691
18422,"yuanyan",689,1061,480,547,27,43,1460
18460,"unconed",208,1076,228,288,25,43,181
18556,"yyx990803",26,973,35,27,26,39,48
18719,"mikolalysenko",421,895,701,605,26,30,387
18720,"finscn",752,878,1254,663,27,46,984
19076,"JacksonTian",36,1001,25,24,22,40,67
19317,"sofish",91,1059,52,66,21,38,132
19455,"remy",66,949,125,96,19,34,63
19546,"homakov",533,1075,877,503,30,56,504
19620,"rlerdorf",313,1063,456,261,29,54,351
19637,"colah",516,1080,979,405,28,50,459
19641,"bergie",912,808,1673,888,25,48,929
19691,"wesbos",428,985,644,347,23,34,640
19710,"jennschiffer",713,1003,1418,670,29,48,526
20157,"samccone",534,907,451,563,27,42,1055
20180,"dougwilson",625,1034,817,495,31,57,949
20207,"ripienaar",909,812,1422,865,26,50,1179
20448,"frsyuki",797,841,1558,795,28,52,728
20621,"fool2fish",542,1072,547,395,28,54,972
20652,"mhartl",325,1072,602,196,24,47,318
20918,"joehewitt",415,1079,787,479,27,53,209
21015,"pluskid",987,1001,1514,624,28,53,1389
21267,"jamesmontemagno",695,803,1967,401,24,33,404
21370,"tmcw",143,332,593,376,25,34,213
21403,"jonathantneal",996,946,1076,942,23,29,1611
21425,"connor",964,1070,2207,955,29,53,203
21815,"mnot",762,986,1547,852,25,51,419
22041,"jnicklas",693,1026,1424,725,28,51,373
22152,"Shougo",206,945,390,202,20,35,243
22234,"unclebob",193,1078,331,147,25,49,151
22390,"Caged",419,1065,775,477,27,50,245
22398,"ianb",694,513,1347,835,28,52,853
22400,"robconery",451,1061,590,422,24,46,578
22490,"kylemcdonald",279,960,492,322,22,34,256
22538,"mpj",858,1062,1774,509,30,54,743
22626,"commonsguy",55,980,68,79,16,34,53
22644,"soulwire",252,1073,384,285,20,43,212
22823,"sole",887,970,1481,790,27,45,953
22907,"cloudhead",131,1056,163,131,24,45,91
22947,"yinwang0",57,1069,10,26,25,50,66
22948,"scottjehl",230,1029,376,234,25,49,204
23145,"aaronsw",638,1080,901,521,32,59,827
23250,"mafintosh",117,837,195,183,19,5,219
23309,"sergeche",673,1071,848,562,25,50,975
23402,"hemanth",789,884,919,546,27,39,1546
23524,"toastdriven",782,1076,1571,742,25,43,476
23614,"imathis",820,1046,1181,635,27,50,1139
23627,"swankjesse",75,861,115,195,30,54,60
23880,"romaonthego",392,1078,443,310,21,42,659
24155,"ladyada",690,1044,852,604,31,57,1031
24204,"stefanpenner",338,401,1127,609,22,41,124
24345,"leah",180,1078,265,186,27,54,100
24452,"jeresig",32,1063,12,11,24,44,10
24613,"angus-c",572,1060,668,617,29,51,763
24765,"matz",97,1076,92,77,30,57,70
24814,"suissa",353,827,692,228,27,46,553
25139,"nikic",249,1025,438,249,26,44,224
25258,"kylef",448,826,645,456,22,33,731
25409,"fogus",506,1075,797,537,28,54,475
25447,"chloerei",456,1064,358,245,26,49,1003
25489,"thomasdavis",736,1047,897,583,24,51,1194
25492,"SimonVT",136,1074,44,167,24,47,172
25534,"jspahrsummers",201,1003,240,222,26,40,292
25603,"samvermette",305,1079,186,388,28,54,442
25697,"WardCunningham",826,980,1922,777,29,53,332
25751,"schwa",792,1055,1523,718,25,37,613
25843,"kytrinyx",56,392,213,269,27,52,281
25954,"mosabua",780,1014,1639,854,30,57,330
26078,"easychen",590,1064,486,304,22,43,1337
26243,"desandro",121,1061,167,95,32,56,68
26331,"NARKOZ",257,1080,423,161,26,52,298
26393,"jamis",631,1072,1294,681,27,47,272
26463,"juliemr",398,905,627,341,28,52,628
26541,"JeffBezanson",908,772,1004,1097,28,54,1395
26637,"johnmyleswhite",390,1029,567,318,22,41,570
26686,"jakevdp",130,807,138,187,20,36,319
26874,"dennybritz",774,1071,959,548,27,46,1256
26957,"davatron5000",352,1071,488,296,25,48,438
27507,"hadley",6,462,132,39,9,15,33
27559,"mourner",545,776,1046,461,26,46,720
27579,"xjdrew",818,1074,1801,1072,27,49,50
27606,"darkwing",186,857,344,200,28,54,260
27651,"derickr",989,910,2413,881,27,48,336
27663,"erica",183,1014,378,164,21,37,105
27680,"davedelong",824,1072,1407,775,26,52,754
27700,"alteredq",596,1079,709,933,32,60,468
27838,"GaelVaroquaux",753,978,784,626,28,53,1384
27897,"amueller",196,624,177,233,23,38,703
27976,"ogrisel",319,930,404,353,26,48,482
28106,"bmizerany",363,1065,624,523,23,44,146
28117,"ericflo",720,1076,1568,754,26,47,248
28195,"aphyr",199,1067,302,206,30,56,154
28309,"jtauber",910,1033,1796,762,24,44,696
28328,"brosner",895,1032,1954,814,26,49,425
28405,"kangax",198,1006,351,236,25,45,147
28408,"BradLarson",538,1075,301,513,30,56,1079
28464,"bkeepers",531,926,851,615,26,46,574
28538,"chenshuo",141,1066,65,98,24,47,266
28552,"mitchellh",40,853,99,91,17,25,103
28699,"lilydjwg",844,1004,1229,647,26,49,1181
28798,"Seldaek",235,988,230,226,27,50,435
28811,"daylerees",425,1063,679,285,25,45,554
28831,"rxin",491,841,693,515,28,52,760
28859,"mackenziechild",375,1075,339,307,22,47,697
28923,"shanselman",216,1004,454,122,23,46,230
28974,"taylorotwell",20,847,75,38,30,54,43
29224,"harthur",243,1080,439,287,24,44,117
29614,"benoitc",550,937,915,561,20,40,621
29616,"shykes",430,1075,569,384,26,52,571
29663,"ankane",922,1009,1362,708,21,27,1268
29672,"webcoyote",875,1080,766,919,28,54,1368
30065,"nf",318,1079,542,374,25,45,163
30074,"toji",623,1020,581,861,26,45,842
30172,"Contra",248,849,368,312,24,40,411
30203,"imakewebthings",924,1069,1387,739,28,53,1120
30240,"wesm",214,677,444,199,29,54,454
30355,"maddox",894,1020,2165,914,27,51,120
30887,"qiao",497,1080,702,430,23,45,629
31160,"jverkoey",296,264,690,450,28,53,643
31284,"trevnorris",771,1036,666,831,29,49,1288
31300,"Wilto",836,1077,1062,955,28,53,944
31465,"rdegges",823,948,1459,633,24,38,983
31824,"chrisbanes",61,1076,15,31,31,58,44
31839,"zedshaw",168,1079,123,188,24,46,218
32410,"eevee",927,1043,1192,799,28,47,1298
32592,"pamelafox",494,1077,476,584,27,51,684
32857,"rcrowley",907,1080,1831,934,25,48,431
33016,"dustin",609,1037,1121,698,24,40,405
33234,"dmethvin",945,946,1823,980,31,56,619
33290,"ioerror",680,1039,983,651,25,50,822
33325,"xdite",930,1005,1526,559,25,49,1247
33452,"philipwalton",410,979,503,361,27,50,692
33463,"openframeworks",660,1079,771,1058,26,52,495
33830,"keyboardsurfer",948,1077,282,482,30,57,2530
34169,"bodil",605,1053,981,597,25,37,618
34219,"jdalton",114,604,283,227,31,55,250
34226,"greggman",903,949,1402,1232,27,49,670
34383,"benbalter",46,677,239,93,20,30,149
34389,"aheckmann",508,1070,816,542,32,59,452
34474,"tokuhirom",984,880,1592,807,22,40,1257
34490,"miyagawa",271,1062,498,252,21,37,192
34560,"odersky",307,882,264,500,31,56,453
34702,"junegunn",335,1026,355,351,23,36,523
34854,"markdalgleish",890,1015,1118,681,26,39,1392
35273,"DataTables",561,1034,386,599,20,46,1074
36301,"arunoda",512,689,1183,447,22,38,605
36486,"paulmillr",349,1002,373,385,21,39,542
36560,"kitcambridge",763,1028,999,734,31,56,1034
36883,"avdi",386,1071,595,375,25,46,428
36974,"modocache",431,759,704,448,24,44,700
37336,"akira-cn",678,1045,607,659,31,51,1173
37443,"ericbarnes",854,1068,1221,691,25,47,1113
37871,"hollance",809,1067,518,744,25,46,1625
37934,"DHowett",928,1043,1806,721,26,49,762
37983,"pippinsplugins",714,590,626,804,27,48,1600
38036,"nathansmith",579,1078,779,604,26,52,662
38574,"mbleigh",941,1045,1718,834,24,47,782
38649,"pyricau",760,1029,531,734,28,52,1502
39020,"cpw",868,1066,825,990,29,55,1238
39333,"yihui",187,947,367,151,20,40,242
39386,"josegonzalez",698,584,1410,616,24,42,958
39551,"lzyzsd",509,1055,534,243,25,45,1069
39559,"rvagg",156,821,194,326,22,33,223
39568,"tableless",841,1080,1267,1157,26,53,544
39703,"BaiduFE",637,1080,389,502,26,52,1360
40005,"wenshao",558,969,227,469,28,54,1401
40874,"FiloSottile",740,929,671,638,27,44,1496
40927,"jgm",568,1051,904,589,19,42,564
41002,"leafo",898,1017,1580,759,21,34,903
41223,"jnunemaker",315,1039,572,370,22,47,167
41433,"chaoslawful",505,1074,978,569,27,54,261
41591,"cyfdecyf",970,1075,1189,755,28,53,1451
41800,"phuslu",463,1036,667,274,28,52,745
41811,"wayneeseguin",906,1063,1746,798,29,53,647
42026,"garybernhardt",189,1080,268,188,23,46,170
42049,"ccoenraets",197,1057,243,185,2,12,301
42116,"mattdesl",490,1006,708,526,23,21,603
42138,"brandonaaron",735,1075,1695,687,26,50,258
42314,"phalcon",245,1076,298,232,16,37,341
42345,"ryanseys",985,1039,1211,553,29,54,1715
42896,"Barryvdh",751,864,1317,494,31,57,1086
43216,"tualatrix",968,1077,1487,662,27,52,1229
43461,"kohsuke",560,821,1408,574,22,44,287
43814,"justjavac",110,1047,122,76,18,39,135
44662,"bbatsov",272,1005,359,229,22,41,406
44896,"alexyoung",769,1076,1164,756,24,47,828
45431,"jwagner",878,1057,1023,979,26,48,1090
45449,"beberlei",827,1046,1606,660,23,41,717
45557,"dlew",420,928,200,404,29,51,1027
46687,"matyhtf",830,1072,1590,470,27,48,899
47723,"pahimar",473,1071,729,426,28,52,525
48035,"econchick",976,1065,549,846,30,55,2025
48049,"jeromeetienne",576,1005,533,679,21,29,928
48466,"LeonidasEsteban",835,1063,1419,570,26,54,985
48672,"nrrrdcore",677,1079,1190,666,29,56,541
48937,"alexcrichton",649,192,1749,860,22,41,590
49123,"PascalPrecht",726,1042,1090,519,28,51,1013
49229,"padolsey",585,1077,1093,635,26,48,353
49244,"tdunning",877,1065,963,1056,26,50,1058
49454,"botelho",405,1080,432,242,30,55,751
49620,"apotonick",942,1054,1599,684,29,53,1033
50226,"ztellman",672,1075,1290,690,23,35,416
50650,"JEG2",988,1057,1936,797,29,52,741
50850,"soveran",757,1066,1791,850,25,40,98
50988,"aui",461,1014,263,387,27,46,1039
51000,"ircmaxell",328,1074,326,356,24,37,451
51508,"krzysztofzablocki",469,1041,741,462,22,40,515
51565,"hueniverse",366,681,620,410,27,48,652
51762,"paulrouget",879,765,1270,1049,26,49,1066
51765,"kriswallsmith",935,1080,1799,625,28,56,838
51969,"cameronmcefee",748,1067,1283,685,28,55,718
51996,"parkr",846,796,1304,708,28,46,1263
52402,"evanphx",479,1044,876,579,26,46,278
52638,"pydanny",314,952,555,271,22,38,376
52865,"dcneiner",806,1065,1392,990,26,52,494
53055,"clowwindy",83,1080,67,41,24,42,76
53154,"karlseguin",919,1069,927,730,26,45,1586
53352,"jcoglan",574,1069,882,634,26,43,538
53858,"luin",711,1041,781,497,25,45,1297
54134,"goodfeli",648,1055,287,667,28,53,1363
55530,"darkoperator",998,1059,834,760,27,48,1906
55771,"mubix",732,982,1401,527,24,44,808
55974,"hintjens",552,876,641,654,30,52,854
56477,"csswizardry",115,1028,66,109,22,44,182
59649,"sokra",347,931,394,417,31,56,520
59981,"andymatuschak",464,1070,715,474,31,59,458
60638,"armon",495,1059,639,625,25,42,514
60736,"mitchellsimoens",931,1067,1383,921,26,52,962
60812,"JeffreyZhao",144,1080,101,125,25,49,193
61024,"al3x",484,1074,944,551,30,54,210
61352,"rnystrom",639,952,833,475,24,37,1101
61755,"EisenbergEffect",527,1011,1033,455,32,58,433
61844,"eliben",465,1070,180,563,27,48,923
61913,"tmpvar",557,1055,980,740,28,44,297
62194,"jgilfelt",128,1079,100,130,21,44,131
62231,"raganwald",334,1059,449,398,26,45,328
62750,"djspiewak",956,950,1851,662,31,55,938
63335,"r00k",784,1063,1044,555,28,56,1201
63783,"Jinjiang",332,920,250,277,29,53,758
64531,"indragiek",742,1063,1219,695,23,31,780
64648,"jpetazzo",580,1027,950,505,23,44,654
65371,"PaulKinlan",571,915,1195,676,27,48,326
65372,"slightlyoff",424,1060,544,639,28,49,329
65477,"whymirror",588,1080,1194,613,29,53,277
65647,"rstacruz",96,775,218,175,21,23,189
65687,"livid",371,1080,472,298,28,55,533
66114,"muaz-khan",699,1079,857,564,25,44,1082
66154,"kazuho",802,920,1409,748,25,45,866
66845,"jfeinstein10",273,1078,176,165,29,56,558
66856,"chrisjenx",851,1064,363,548,28,52,2109
66913,"NatashaTheRobot",658,1063,1020,530,27,43,791
67519,"fzaninotto",743,951,1034,644,25,50,1108
67691,"AliSoftware",831,979,311,797,26,44,1951
67864,"hughsk",666,1061,912,705,24,26,776
67978,"bennadel",467,1067,203,433,25,45,1046
68090,"avelino",892,971,973,487,26,46,1778
68895,"benbjohnson",953,998,1063,907,31,52,1429
69070,"quicklisp",773,1032,799,1076,29,54,916
69709,"ramnathv",630,1016,1078,423,23,46,805
70368,"loiane",340,1031,750,173,18,45,322
70663,"tholman",276,1059,247,308,22,34,412
71560,"gdbinit",959,1070,1085,827,25,39,1446
71885,"ednapiranha",703,1058,1536,719,28,51,271
72477,"karpathy",77,1073,63,55,20,36,69
72694,"tomchristie",859,844,903,751,25,43,1606
73013,"agl",729,1046,1415,799,24,48,437
73704,"goldmansachs",977,1076,1522,801,30,60,1088
73930,"jbenet",865,817,1711,806,25,41,793
74603,"nst",918,1050,1222,694,24,39,1353
74655,"jed",498,1067,841,630,25,40,315
74661,"robdodson",406,870,746,348,24,47,562
75324,"jonathanong",365,916,633,517,29,48,290
75476,"rsc",417,998,566,486,27,44,516
76049,"JonathanSalwan",642,982,431,782,26,60,1149
76743,"PaulStoffregen",981,976,1048,1003,22,41,1494
78115,"macournoyer",532,1072,1061,662,27,52,165
78171,"nacin",925,1071,948,818,30,58,1474
78293,"sephiroth74",573,1054,72,313,24,48,1680
78598,"cwilso",997,1059,1741,800,31,59,942
78645,"marcoarment",217,1076,149,305,26,54,269
79368,"vladikoff",519,340,1037,623,28,49,932
79404,"michalbe",855,804,974,568,28,53,1739
79791,"worrydream",255,1079,334,409,30,60,125
79987,"geerlingguy",947,713,1957,627,15,26,1118
80247,"petkaantonov",795,1072,1051,763,28,50,1009
81358,"leebyron",462,915,603,456,28,43,734
81423,"mdo",16,913,17,15,20,38,32
81503,"keijiro",175,946,332,192,25,14,190
82395,"happypeter",336,1042,637,179,22,44,394
83936,"dvyukov",969,1016,536,1097,30,55,1801
83942,"davecheney",322,776,654,408,25,41,352
83969,"STRML",404,794,520,507,22,44,702
84339,"nolanlawson",501,408,675,650,21,22,1167
84473,"gitster",833,1074,1225,632,29,57,1098
85847,"rauschma",963,1055,631,741,27,44,2015
85951,"tommcfarlin",845,1067,1074,688,25,44,1244
86521,"vjeux",261,802,407,425,27,46,337
86529,"codepo8",407,1046,615,403,24,37,473
89925,"ikeay",359,1078,458,414,30,56,371
90133,"maryrosecook",488,1033,790,496,24,44,497
90631,"ttscoff",888,1078,1732,556,23,38,841
90788,"iamcal",936,1044,1472,980,26,47,859
91545,"RubyLouvre",113,1011,114,83,22,43,176
92099,"garann",869,1079,1060,944,29,54,1037
93536,"spite",722,1014,703,998,25,36,948
93579,"AllenDowney",528,1041,181,377,29,49,1348
94084,"greenrobot",211,1060,55,129,26,53,524
94086,"yigit",971,1034,1307,679,29,52,1452
94295,"nostra13",306,1077,70,184,29,57,765
95446,"yiminghe",620,953,821,425,27,48,1093
95914,"BYVoid",78,1077,27,52,25,46,90
96396,"thejameskyle",300,756,425,309,27,34,601
97076,"simonmar",511,1068,424,845,26,52,567
97448,"robfig",990,1068,964,1166,26,49,1343
97597,"tommy351",553,1066,726,399,28,50,849
97778,"afc163",923,563,1278,657,29,51,1817
97819,"hotoo",929,972,1298,658,27,49,1404
98005,"gregoryyoung",543,986,700,614,29,53,688
98172,"devunwired",565,1076,155,489,25,50,1369
98626,"xushiwei",862,956,1656,723,30,54,769
99234,"bradfitz",23,744,140,111,23,40,62
99644,"emilsjolander",436,1072,94,300,27,52,1142
100647,"romainguy",92,1078,43,94,29,60,65
101264,"thlorenz",978,1033,1559,945,20,24,997
101433,"isislovecruft",986,1064,1201,842,28,51,1420
102023,"petewarden",589,1026,1016,834,25,46,308
103598,"azer",426,1046,621,333,25,30,598
104734,"onevcat",48,978,32,42,21,36,104
105512,"phuu",974,1013,1577,1170,28,46,723
107066,"youxiachai",980,1076,939,617,24,48,1879
107870,"jeffmo",884,979,647,796,29,53,1749
108349,"dead-horse",326,913,349,258,29,51,666
108491,"leeluolee",881,1048,1360,607,28,51,1141
108663,"juliangarnier",814,1070,414,783,30,55,1691
108672,"rockbot",577,1034,545,835,28,53,704
109144,"orderedlist",399,1065,663,391,28,54,382
109509,"freddier",341,1080,271,336,32,60,561
109991,"UweTrottmann",447,1061,319,871,28,53,370
111040,"chrismccord",716,1013,937,645,22,45,1036
113313,"copy",691,979,554,1142,31,53,861
116315,"phoboslab",496,1075,462,715,23,44,589
116834,"coolwanglu",778,1080,504,814,26,46,1447
119087,"vczh",72,1077,22,48,28,56,79
119291,"ai",524,800,914,512,23,42,727
119600,"ericholscher",764,930,1616,814,26,52,445
119761,"jamesgpearce",905,1068,1175,795,28,55,1213
120461,"mame",870,1045,1690,840,29,52,550
121087,"evilcos",429,1079,126,292,26,53,1099
122176,"astaxie",88,1066,51,65,20,40,106
123156,"Grafikart",798,1014,1920,336,23,42,667
123326,"Gabriel439",810,976,515,1001,23,38,1472
123507,"fxsjy",783,1026,812,509,26,50,1512
123586,"BurntSushi",725,919,450,823,20,29,1501
123757,"wintercn",118,1075,61,89,29,51,153
123954,"turingou",602,1080,211,574,31,40,1372
125267,"f2prateek",581,858,591,850,29,52,840
125307,"flight404",759,1080,1052,1057,30,57,597
126508,"donnfelker",229,1071,241,262,25,50,265
128503,"mikermcneil",583,945,796,504,28,49,904
128588,"indutny",158,895,182,256,22,28,237
128788,"bradfrost",251,1058,160,299,24,49,426
128798,"DrBoolean",749,1059,1345,582,29,47,784
128906,"jserv",958,1030,2083,526,25,47,777
129526,"bevacqua",148,977,202,163,20,19,207
129582,"Rich-Harris",635,699,447,927,27,46,1251
129688,"AshFurrow",116,477,304,221,22,30,403
130302,"Trinea",58,1052,34,23,25,50,64
131972,"memo",330,1060,445,545,24,45,159
132827,"fogleman",361,1031,285,387,24,36,650
133037,"romannurik",54,1032,36,58,21,40,39
134464,"evancz",134,1007,108,203,23,37,143
135596,"kishikawakatsumi",731,1005,969,580,23,39,1161
136392,"island205",917,1075,943,610,28,46,1678
137979,"nolimits4web",957,1070,369,720,25,43,2260
139183,"stefanesser",787,1074,379,830,27,52,1597
139476,"iliakan",805,1011,508,755,27,48,1667
139710,"toddmotto",142,948,131,142,21,32,296
141916,"bang590",530,1076,288,424,28,53,1163
143228,"endymuhardin",772,1054,509,876,25,54,1382
143915,"simonw",575,1064,1242,647,26,50,164
144574,"rhiever",357,887,308,284,26,45,843
144589,"nathansobo",684,926,1373,852,28,56,362
147518,"shu223",286,1059,152,239,21,42,592
149515,"lihaoyi",378,997,594,452,19,37,399
149581,"chriseidhof",669,1055,1223,590,28,52,569
153359,"madeye",551,1056,875,367,29,53,726
155547,"dabeaz",700,1066,471,788,28,52,1250
157680,"marcuswestin",838,1067,1600,962,26,51,414
160007,"airen",811,1067,1174,490,32,54,1208
160059,"jvns",259,1054,246,249,26,44,423
160317,"hax",367,992,409,382,29,47,580
162622,"ErisDS",586,789,501,621,30,56,1239
166503,"prakhar1989",610,1037,623,276,26,47,1319
168873,"matsko",730,950,1073,499,31,54,1164
170773,"timbl",483,1036,661,731,31,57,345
174794,"rwaldron",146,740,323,247,23,43,201
174955,"jfrazelle",308,948,343,346,26,33,498
178015,"evilsocket",825,1060,1370,466,25,43,1124
178530,"jayli",815,1078,574,534,28,52,1797
184219,"android10",434,1067,360,238,28,49,941
186938,"rdpeng",329,1068,682,115,22,50,339
190468,"mnielsen",298,1080,511,264,27,51,211
194198,"gdi2290",627,665,895,577,25,41,1183
200679,"ahmetalpbalkan",966,556,1337,648,27,46,1916
211509,"neonichu",939,868,1499,774,27,30,1233
212879,"johnpapa",53,941,91,56,18,34,83
212904,"crazybob",874,1078,1709,996,31,57,342
213173,"mikepenz",432,1047,618,275,24,46,672
213283,"lucasr",364,1080,83,302,27,53,887
217422,"naoya",793,1076,1259,540,27,47,1022
223106,"mgechev",226,818,442,217,21,30,375
231317,"srowen",932,877,889,772,31,57,1789
232446,"jesstess",738,1079,678,592,26,52,1375
235257,"soumith",266,868,466,324,23,40,334
235908,"robrix",712,974,1082,761,25,40,804
239479,"kesenhoo",309,1077,86,180,29,55,768
239749,"joeeames",840,1040,365,632,25,47,2017
245472,"gabrielecirulli",321,1062,217,255,28,54,635
248125,"huichen",707,1075,680,538,26,48,1308
249921,"nixzhu",866,1051,252,476,28,47,2340
250289,"peachananr",706,1079,393,539,11,28,1622
252654,"kevinzhow",169,537,273,174,27,45,624
258293,"Ovilia",223,1064,328,121,27,49,306
263424,"soulmachine",535,1039,809,294,27,50,826
271646,"hzlzh",582,1063,310,353,26,49,1419
273201,"llSourcell",965,996,430,903,31,38,2124
274322,"vhf",316,892,169,211,28,53,868
279488,"coding-horror",504,1070,276,411,31,56,1117
279717,"alsotang",368,1036,412,204,28,48,713
286590,"AdamBien",606,1065,905,556,24,39,724
302608,"KrauseFx",112,133,364,327,31,44,543
302689,"benjchristensen",290,1032,371,458,30,55,162
304422,"mjackson",476,964,778,468,24,35,568
308073,"kentcdodds",388,479,584,435,24,32,990
309807,"bcaffo",370,1074,229,248,30,57,825
311074,"miloyip",311,972,401,282,27,50,474
318596,"joearms",323,1074,419,419,27,50,268
340433,"chiuki",489,955,255,532,23,45,1076
345746,"mmin18",646,1077,205,519,26,52,1571
350296,"petehunt",102,1070,50,113,19,31,133
355927,"ibireme",89,1078,37,51,25,44,118
362263,"frogermcs",791,1067,214,643,26,46,1971
362468,"jakiestfu",817,1054,1377,686,20,40,894
365213,"connors",640,1078,1049,594,26,52,626
372818,"alexjlockwood",883,1004,154,493,24,47,2521
376498,"Tj",9,866,2,3,4,3,4
378056,"oschina",650,1080,335,465,26,54,1495
391207,"Yangqing",500,1068,222,510,29,53,1056
392665,"jskeet",485,316,1265,364,30,54,846
395565,"lmccart",843,984,1350,836,28,49,886
406396,"casatwy",788,1068,804,384,28,49,1627
409151,"geohot",274,1066,470,182,30,48,276
417948,"gaearon",2,338,20,18,17,21,17
432056,"castorflex",882,1080,215,705,28,53,2160
448274,"SamyPesse",344,822,474,344,27,46,633
448325,"skmetz",994,1080,1596,665,29,57,1193
459868,"ashleygwilliams",333,719,321,407,26,49,775
478192,"icanzilb",767,970,274,667,23,43,1917
486286,"danluu",991,813,1002,780,26,48,1947
516896,"rovo89",220,1078,143,148,24,49,446
521120,"mrmrs",362,964,659,355,24,35,381
572221,"mjpt777",885,1058,614,1056,31,60,1436
580774,"jtleek",171,1064,162,103,20,45,293
610944,"ColinEberhardt",472,722,248,605,24,41,1182
616741,"ruanyf",33,1059,8,12,24,37,26
629105,"kellabyte",626,1057,563,927,30,51,755
632987,"vbuterin",633,1057,224,593,28,53,1440
636723,"crnacura",178,1078,232,105,31,57,206
645428,"krakjoe",837,1033,1104,941,28,45,968
647008,"sebmck",688,1080,1010,729,32,54,709
648713,"gavinkwoe",961,1074,931,550,29,55,1856
665521,"rbgirshick",723,1078,1013,546,25,51,1024
669613,"notwaldorf",270,892,292,330,27,39,477
672859,"haoel",292,1074,315,154,31,57,481
681271,"bboyfeiyu",477,1072,293,331,23,44,1078
681519,"madskristensen",549,975,629,558,20,34,875
702695,"STALTZ",342,848,490,338,27,39,602
718764,"travisneilson",350,1072,133,337,30,55,736
762878,"zhangxinxu",515,1078,153,413,23,48,1282
762992,"zygmuntz",813,1060,402,819,24,42,1687
766946,"offensive-security",246,1072,296,181,22,45,384
769276,"xinyu198736",709,1064,361,549,28,48,1630
779141,"caitp",863,1027,1308,718,30,56,1049
795014,"jessesquires",559,820,747,408,25,42,1112
805161,"fchollet",647,1051,415,596,30,53,1306
825215,"campoy",663,1019,421,783,29,49,1191
830834,"jhusain",733,1054,1000,653,28,53,998
877180,"yoshuawuyts",708,490,1075,727,28,33,1326
880700,"samsoffes",377,1080,434,626,26,47,283
887012,"fouber",135,1073,151,88,26,42,141
905671,"idiot",441,1078,337,528,27,51,677
915254,"cssmagic",401,972,259,317,28,52,957
918971,"oldratlee",539,1047,791,372,27,50,767
920641,"yangfuhai",781,1080,587,434,28,54,1743
930127,"sonyxperiadev",594,1061,1120,418,14,39,625
946026,"JedWatson",437,997,560,424,24,36,648
949634,"HugoGiraudel",380,782,642,416,24,40,615
968786,"xhzengAIB",455,1058,366,225,24,45,1020
989084,"cnlohr",676,1001,1092,1041,27,39,360
1019351,"stormzhang",86,1077,62,44,22,48,81
1048448,"gabrielemariotti",240,1078,104,268,24,51,448
1062140,"DanWahlin",544,1056,253,446,26,43,1246
1066977,"gvanrossum",182,670,212,234,31,56,513
1076426,"dhg",452,1080,417,490,32,60,642
1127410,"flavienlaurent",427,1079,157,323,21,45,1041
1136167,"CamDavidsonPilon",619,1046,306,428,26,49,1506
1147949,"wasabeef",263,1057,262,141,25,46,517
1163370,"IonicaBizau",293,46,652,457,25,27,909
1193863,"fatih",739,985,883,524,26,43,1342
1217757,"diracdeltas",303,747,524,371,30,52,432
1222274,"TheCherno",799,1067,960,729,27,54,1165
1230781,"qyuhen",383,1079,137,339,29,56,890
1255871,"i5ting",724,781,1325,506,28,37,1062
1264556,"wagerfield",876,1045,477,767,28,54,1844
1267509,"fqrouter",696,1080,634,821,27,51,1019
1283103,"trustedsec",701,1074,284,530,26,47,1699
1286367,"wyouflf",822,1073,107,349,28,56,2470
1294188,"0xAX",517,951,605,402,26,50,967
1295135,"miguelgrinberg",234,1022,375,166,19,33,338
1295956,"yanhaijing",493,1031,761,321,25,45,711
1333907,"grp",750,1010,1367,593,29,52,797
1348552,"ideawu",972,1047,399,587,22,44,2456
1376902,"DanMcInerney",702,1076,656,648,23,43,1214
1400269,"GrahamCampbell",99,241,491,197,26,43,407
1409196,"zhangkaitao",607,1077,578,412,24,51,1172
1416149,"jendewalt",356,1059,314,270,30,58,657
1424267,"JakeLin",444,929,764,257,25,45,680
1445626,"mttkay",717,1061,600,547,27,53,1413
1446708,"codefollower",453,1075,270,363,23,49,951
1494563,"jcjohnson",747,1070,1180,478,28,51,1017
1509801,"SaraSoueidan",244,1075,329,169,25,50,346
1543883,"gaylemcd",800,1080,854,636,30,58,1344
1554589,"saulmm",523,1074,586,314,22,42,979
1554763,"antoniolg",470,1074,84,303,24,46,1290
1577367,"Unknwon",162,1008,179,119,23,42,275
1579646,"acdlite",541,997,464,535,24,36,999
1598136,"jxnblk",391,924,669,431,21,18,489
1601512,"MengTo",555,1078,260,433,28,60,1266
1604453,"code4craft",628,1063,840,329,25,51,1080
1622941,"numbbbbb",396,1077,408,200,27,52,807
1631799,"fordream",951,1080,1292,659,30,57,1349
1639886,"muan",85,1021,117,57,22,43,73
1640412,"cusspvz",108,979,106,81,31,52,183
1658486,"xufei",190,1067,251,114,28,48,267
1714317,"chenglou",277,738,118,439,30,50,707
1736294,"sunnyxx",442,1074,191,335,30,52,1016
1776300,"ManuelPeinado",247,1080,57,215,23,48,577
1799429,"kentonv",654,837,677,983,29,54,878
1826435,"Brunocasanova",529,1079,398,252,31,56,1211
1836613,"yisibl",949,1028,1241,560,30,52,1551
1839443,"JohnLui",587,1069,237,357,22,45,1509
1882800,"pedrovgs",219,1013,81,273,24,50,443
1930406,"codegangsta",372,1080,418,397,32,59,483
1935638,"ahejlsberg",253,968,278,334,32,60,350
1991059,"puffnfresh",950,956,1341,825,25,41,1278
2016667,"jlord",21,947,46,19,19,38,28
2020826,"nswbmw",379,1035,540,210,25,45,660
2073159,"baoyongzhang",896,1069,613,373,30,54,2174
2162744,"jordwalke",758,808,1203,788,29,50,993
2164751,"liaohuqiu",123,1047,129,72,22,36,177
2235128,"singwhatiwanna",207,1078,142,112,26,52,430
2264029,"robpike",227,1058,174,310,29,49,284
2319410,"hehonghui",275,1055,185,144,31,46,611
2325593,"StephenGrider",280,1049,124,354,27,45,490
2352882,"rakyll",127,873,168,158,25,42,236
2371939,"slidenerd",265,1036,190,189,26,52,560
2395169,"karan",345,1044,197,255,23,37,790
2428907,"JsAaron",834,1068,1228,420,27,46,1327
2468643,"daimajia",41,1062,18,13,19,40,36
2504968,"paulcbetts",482,851,1077,514,24,37,355
2518797,"rengwuxian",301,1078,93,145,30,57,749
2520945,"ryanflorence",209,1028,236,265,22,41,253
2574738,"vinta",819,1023,885,413,28,49,1675
2576709,"jamztang",904,1070,725,586,27,50,1874
2591364,"barretlee",832,863,945,436,27,46,1793
2650924,"kenwheeler",339,989,387,359,25,43,527
2707452,"rasbt",120,883,73,160,22,43,294
2712409,"defunctzombie",993,1030,1450,855,22,37,1225
2801609,"una",564,962,900,462,26,45,766
2852307,"laracasts",149,1046,116,133,20,31,244
2961254,"lanxuezaipiao",705,1076,710,407,27,53,1398
3012469,"robotlolita",914,996,1416,751,28,50,1132
3078756,"qiwsir",921,1050,1007,335,27,50,1922
3091170,"kymjs",685,1065,622,326,25,45,1515
3102864,"julycoding",222,1080,87,146,30,60,491
3148103,"alex-cory",387,1055,336,209,30,54,858
3155225,"vczero",893,1037,1130,498,26,42,1558
3163380,"smealum",622,1078,712,761,25,41,752
3175224,"yexiaochai",667,1077,588,473,29,52,1291
3209606,"tylermcginnis",734,1051,986,628,25,50,1048
3275614,"andrewrk",982,959,1434,894,29,54,1223
3289068,"drakeet",195,949,121,128,22,32,537
3291062,"justmarkham",721,1063,467,501,19,43,1629
3322165,"tqchen",228,867,183,240,30,53,535
3368709,"inconvergent",656,1024,823,669,30,42,879
3404625,"KittenYang",324,1033,305,224,22,36,637
3457813,"supermarin",592,1055,740,531,25,50,869
3470369,"kittens",260,984,297,297,31,55,379
3499565,"LiteSuits",381,1068,295,298,27,51,781
3535489,"kara",645,760,532,674,31,53,1394
3610308,"jasperproject",926,1080,499,1084,32,60,1645
3646576,"yangyangwithgnu",617,1075,111,337,25,52,1756
3678417,"Vamei",889,1077,388,598,30,57,2118
3688872,"MichalPaszkiewicz",218,1053,226,124,31,53,392
3702409,"MartinRGB",900,1069,977,541,26,48,1660
3762902,"time4popcorn",692,1080,512,707,32,60,1232
3828331,"ChenYilong",119,945,113,84,26,43,251
3930527,"geeeeeeeeek",727,985,714,383,28,53,1583
3957923,"rodrigobranas",687,1076,289,682,30,55,1478
4012678,"CoderMJLee",103,1074,31,62,29,60,160
4490324,"codingforentrepreneurs",445,1064,307,379,26,43,881
4521571,"android-cjj",621,1059,330,368,24,39,1547
4651895,"mission-peace",765,1077,348,735,31,58,1637
4723171,"GoesToEleven",578,1061,266,656,29,51,1136
4755025,"ericelliott",241,985,313,198,25,30,434
4890403,"breakwa11",402,1056,139,259,27,51,1054
4926863,"AlecStrong",849,869,1368,1418,32,58,410
5114269,"dli",821,1079,674,1079,28,60,1160
5142608,"zilongshanren",946,608,1688,522,25,51,1561
5301012,"csteacherd22",954,1069,1252,1377,31,59,693
5341105,"bingoogolapple",940,811,1040,493,25,41,2021
5697148,"buckyroberts",132,1035,204,74,28,43,129
5790101,"joyeecheung",861,1035,1303,488,30,53,1274
5805052,"phodal",22,779,102,60,20,20,130
5937359,"QuincyLarson",847,483,2045,436,31,56,1100
5943292,"espressif",944,1068,583,997,27,42,1737
5965667,"andrewsyc",916,1047,727,464,32,55,2052
6128578,"nodemcu",664,1080,546,595,27,54,1197
6295826,"ternsip",754,1064,506,372,31,55,1825
6548689,"rauchg",70,913,136,107,22,47,74
6559656,"ikew0ng",486,1080,134,450,28,56,1131
6576141,"gsdios",416,1077,225,253,25,52,1002
6790269,"dsxNiubility",745,1069,719,406,26,47,1549
6796546,"hongyangAndroid",129,1064,53,78,17,29,264
7057581,"asLody",867,1048,105,491,31,54,2468
7453600,"hushnymous",920,1080,694,548,31,60,1974
7711393,"zangqilong198812",556,1028,728,345,23,36,970
7885550,"mxstbr",872,351,1505,701,28,50,1573
7979843,"KaimingHe",744,1078,457,916,31,60,1273
8315964,"programthink",150,1079,48,102,28,60,274
8699185,"hackedteam",125,1080,109,97,28,37,145
9032904,"CharlinFeng",718,1062,1096,386,19,34,1105
9211479,"shoshindes",683,1080,353,281,31,57,1786
9314825,"guo-yu",481,1075,469,328,24,49,912
9474689,"CoderJackyHuang",913,1038,452,471,28,35,2347
10302936,"lattner",174,1079,74,223,32,60,228
10428329,"popsiclesarecool",624,1080,370,293,31,60,1544
10485118,"AutumnsWind",546,1061,277,277,29,51,1385
10590827,"odrobnik",422,1051,275,647,30,58,583
10851577,"Stitchpunk",393,1080,530,489,32,56,368
10959236,"0x00A",474,1017,802,608,24,49,331
12046506,"tencent-wechat",668,1075,420,540,32,56,1388
12409057,"dybvig",933,1079,461,1084,32,60,1705
12436518,"AutumnsWindsGoodBye",281,1078,208,194,30,57,522
13330706,"angusshire",93,1078,49,45,32,54,115
31283401,"jessfraz",172,930,272,155,31,47,255
